{
  "7709910588": [
    "kort-office@mail.ru"
  ],
  "191001529230": [
    "report@arbitr.online"
  ],
  "280705338356": [],
  "550110312343": [],
  "312317685915": [],
  "660608221248": [
    "2069546@gmail.com"
  ],
  "582601842680": [
    "aosemin-au1@ya.ru",
    "alexandr.semin13@yandex.ru."
  ],
  "024507534176": [],
  "301701875635": [],
  "645116333698": [],
  "644918589967": [
    "au.fedorovsv@yandex.ru",
    "au.fedorovsv@yandex.ru."
  ],
  "350700238672": [],
  "244702623572": [
    "mup-o.s@yandex.ru"
  ],
  "672400114230": [
    "p7242@yandex.ru."
  ],
  "772700424965": [
    "mirabyan@yandex.ru"
  ],
  "100101484689": [],
  "745008902011": [
    "fu.dracheva@yandex.ru."
  ],
  "025404315270": [],
  "580208055148": [],
  "450139534530": [
    "jurist33355@yandex.ru"
  ],
  "132400884279": [],
  "645054578840": [],
  "550301113652": [],
  "780533976702": [],
  "100101503540": [],
  "331200871283": [],
  "420537037680": [],
  "615401056644": [],
  "352521982906": [],
  "667416151744": [
    "01@vprave.online"
  ],
  "282701799342": [],
  "7703193197": [
    "aukciontorg@mail.ru."
  ],
  "772465214669": [],
  "525600023735": [],
  "366303590211": [],
  "022904858550": [
    "trof-ts@yandex.ru"
  ],
  "860318516206": [],
  "352704908836": [],
  "732801199446": [
    "ofisvp@yandex.ru"
  ],
  "291300083066": [
    "obankrotim@bk.ru"
  ],
  "420700137893": [
    "maxpim@ya.ru"
  ],
  "7726389943": [
    "ooomtk777@gmail.com.",
    "ooomtk777@gmail.com"
  ],
  "235102113286": [],
  "230214234924": [],
  "783801017636": [],
  "390805228236": [
    "arbitr.torgi@list.ru",
    "gusak.arbitr@mail.ru"
  ],
  "761001136846": [],
  "632130908603": [],
  "244602064105": [],
  "420537194153": [
    "kronid3@yandex.ru"
  ],
  "525901672525": [
    "arbitr-152@yandex.ru."
  ],
  "552801769750": [
    "bogunov1@rambler.ru"
  ],
  "744812595804": [
    "vozrojdenie74@mail.ru"
  ],
  "380895133886": [],
  "231400560807": [],
  "253811226700": [],
  "344308999964": [],
  "771583168456": [],
  "772821540677": [],
  "300302645211": [],
  "230602577079": [
    "office_np_cat@mail.ru"
  ],
  "366207089186": [],
  "270320778907": [
    "fefelovaeg@mail.ru"
  ],
  "3250524524": [
    "in-wait@yandex.ru"
  ],
  "402801159069": [],
  "663104319056": [],
  "433802526058": [
    "badsenao@yandex.ru"
  ],
  "561600706338": [],
  "161103460620": [],
  "583411217313": [
    "csb_155@mail.ru",
    "csb_63@mail.ru.",
    "sacspb19@mail.ru",
    "csb_63@mail.ru"
  ],
  "310508583004": [],
  "744716417372": [],
  "682966801608": [],
  "462900911626": [],
  "745310520162": [],
  "732600247330": [],
  "246517326530": [],
  "390610732730": [],
  "741705802874": [],
  "190401354092": [],
  "7816115320": [
    "centerisorg@gmail.com"
  ],
  "165916498218": [],
  "771873393710": [],
  "667330508128": [],
  "666300735682": [],
  "2308104976": [],
  "352505524680": [
    "expert-vologda@yandex.ru"
  ],
  "772501120715": [
    "Svetlana.Smirnova@yunp.ru"
  ],
  "590578013170": [],
  "263515863494": [],
  "507404097428": [
    "giborovkov@yandex.ru."
  ],
  "260508211012": [
    "dasha22dorosh2245@gmail.com"
  ],
  "026401511920": [
    "arbitrufa@yandex.ru",
    "arbitrufa@yandex.ru."
  ],
  "667113082001": [],
  "440120380720": [
    "arbitr.chistyakov@gmail.com.",
    "arbitr.chistyakov@gmail.com"
  ],
  "583411333817": [
    "csb_15@mail.ru.",
    "csb-141@mail.ru",
    "sb_15@mail.ru"
  ],
  "861003179661": [
    "arbitry@mail.ru"
  ],
  "462902085407": [],
  "720610117844": [],
  "434585537848": [],
  "590301241071": [],
  "132706122461": [],
  "666001643384": [
    "dsu2009@mail.ru"
  ],
  "434531079944": [
    "tatarinov.au@gmail.com"
  ],
  "332805660096": [
    "l_denis81@mail.ru."
  ],
  "027508646865": [
    "chula85@mail.ru"
  ],
  "532101709054": [],
  "561006641036": [],
  "540363855930": [],
  "226602383984": [],
  "402573525926": [],
  "560500002632": [],
  "622709880703": [
    "ksenia@rmg-kspb.ru"
  ],
  "760900361631": [
    "mnzhukov@gmail.com"
  ],
  "272512113160": [],
  "773117130723": [
    "info@icbl.ru"
  ],
  "540863110290": [],
  "507504965364": [],
  "022800535428": [
    "kalash.nat78@mail.ru"
  ],
  "027720833266": [],
  "774314993745": [],
  "140901643407": [],
  "183510166997": [],
  "772616330123": [],
  "110114839751": [],
  "253610004802": [],
  "366604358011": [],
  "744711327615": [],
  "481603465296": [
    "official-alexminaev@yandex.ru."
  ],
  "312327679854": [],
  "524710020365": [],
  "526006088150": [
    "newlook55@yandex.ru"
  ],
  "781101460013": [],
  "732594474525": [],
  "710703536231": [
    "alex26031@mail.ru."
  ],
  "780538808557": [],
  "541009641352": [],
  "507503623311": [
    "arbitr.finupr@gmail.com."
  ],
  "280101113952": [],
  "743807324331": [
    "zakrzevskyae@mail.ru.",
    "zakrzevskyae@mail.ru"
  ],
  "7709858320": [
    "imperium_ooo@mail.ru"
  ],
  "246200601836": [],
  "166001558216": [],
  "381712251679": [],
  "526307930807": [
    "bulganin@bk.ru"
  ],
  "191002336368": [],
  "190108729590": [
    "au.dyachenko@mail.ru.",
    "au.dyachenko@mail.ru"
  ],
  "525714950571": [
    "ashelokov@list.ru"
  ],
  "431203024136": [],
  "253702370608": [],
  "560904787866": [],
  "490900412012": [],
  "682965815478": [],
  "383402824203": [],
  "540448171022": [
    "aristokrat-nsk@mail.ru",
    "mail@m-ets.ru"
  ],
  "390602713075": [],
  "381405029351": [],
  "891000541346": [],
  "151606529487": [],
  "651500222330": [],
  "440118376290": [
    "oksana.voropaewa@gmail.com"
  ],
  "280444807219": [],
  "370228465366": [],
  "250808611880": [
    "crbot2000@yandex.ru"
  ],
  "583509753776": [
    "liga.penza@mail.ru"
  ],
  "660102071622": [],
  "753600504101": [],
  "616304725958": [],
  "503407984389": [],
  "344691033660": [
    "salamatmzl@yandex.ru"
  ],
  "244310440666": [
    "t2718120@yandex.ru"
  ],
  "366607037305": [],
  "683207981345": [],
  "772772849607": [
    "abazarnov@yandex.ru"
  ],
  "352525564508": [],
  "366215409545": [],
  "502715749243": [],
  "230814503311": [],
  "631206577159": [],
  "720201236262": [],
  "550409997100": [],
  "323207497152": [
    "bankrotbankrot32@gmail.com.",
    "bankrotbankrot32@gmail.com"
  ],
  "645406553039": [],
  "550307455236": [
    "79247307311@yandex.ru."
  ],
  "695001440511": [],
  "230200802817": [],
  "420519045960": [
    "info@npmcau.ru"
  ],
  "615516902621": [
    "sng130280@mail.ru"
  ],
  "772733195870": [
    "info@arbupr.ru"
  ],
  "770300090224": [],
  "771565215424": [
    "www.info@nistp.ru",
    "gladkova1@yandex.ru"
  ],
  "616301868059": [],
  "027404995082": [],
  "381909185208": [],
  "772771887769": [
    "torgi.lkkz@gmail.com"
  ],
  "344300075978": [],
  "772565004658": [
    "nsockaya@yandex.ru"
  ],
  "590308120157": [],
  "143512500105": [],
  "190116517831": [],
  "420534280460": [
    "juristaa@yandex.ru"
  ],
  "432900323625": [],
  "771770913541": [],
  "366413655951": [],
  "720406216059": [],
  "381009614990": [],
  "165042453108": [],
  "632126426773": [],
  "770400503651": [],
  "632135574880": [],
  "230600212040": [],
  "420546549081": [],
  "381900473360": [
    "aupr-zhdanov@yandex.ru"
  ],
  "667101665217": [],
  "027706831411": [],
  "645320291261": [],
  "101501220040": [],
  "771538897545": [],
  "027720615099": [],
  "633500113620": [],
  "744716098856": [
    "arka74@bk.ru"
  ],
  "253601065809": [],
  "583804983223": [],
  "631100444840": [],
  "520100032605": [
    "ap370313@yandex.ru."
  ],
  "771773946873": [],
  "503199688636": [],
  "231200540137": [],
  "771915503774": [],
  "026815188830": [
    "uristyfa@mail.ru"
  ],
  "860600306505": [],
  "032307253357": [],
  "391900651757": [
    "mail@m-ets.ru",
    "call_nick@bk.ru",
    "mail@m-ets.ru."
  ],
  "770970450497": [
    "a10121987a@mail.ru"
  ],
  "781018049200": [],
  "540701244188": [],
  "631800299700": [],
  "781300270271": [
    "au_lebedev@bk.ru"
  ],
  "263406955152": [],
  "263512858707": [],
  "250816265009": [],
  "500103668700": [],
  "711704358706": [],
  "690308773617": [
    "Yurtaevdm@mail.ru"
  ],
  "110116044503": [
    "russkih-2007@mail.ru"
  ],
  "450102383034": [
    "spe76@mail.ru"
  ],
  "421100451940": [],
  "166010100408": [
    "leonovalex@yandex.ru"
  ],
  "165609695969": [],
  "352530345607": [],
  "524406188050": [
    "arbitr0001@gmail.com"
  ],
  "526014204925": [
    "akuzmin_63@mail.ru"
  ],
  "666103531190": [],
  "071404253660": [],
  "312301428905": [],
  "470517832064": [],
  "695001649182": [],
  "773302409536": [],
  "772825791583": [],
  "352509167408": [],
  "7714645173": [],
  "246519761778": [],
  "352525642298": [
    "arbitr35@mail.ru",
    "makarowa_tatyana@mail.ru"
  ],
  "772600460430": [
    "sro1@mail.ru."
  ],
  "481703289848": [
    "injuravlev@mail.ru"
  ],
  "616500504578": [],
  "233408836401": [
    "ponomarenko_alexander@mail.ru"
  ],
  "690202825103": [],
  "701709029561": [],
  "5751052322": [
    "mail@mrk.trade",
    "ir.consult@ymail.com",
    "ir.consult@ymail.com."
  ],
  "741520342600": [],
  "032314770902": [],
  "132401660017": [
    "profpartner@inbox.ru"
  ],
  "263515126042": [],
  "744916793832": [],
  "550600074810": [
    "majuga2017@mail.ru"
  ],
  "632501178629": [
    "tfk_region-volga@mail.ru"
  ],
  "352509038392": [
    "720336@mail.ru.",
    "720336@mail.ru"
  ],
  "661105775690": [],
  "391703394606": [],
  "7838430413": [
    "DuhinVI@bank.org.ru",
    "krasnodar@auction-house.ru",
    "malkova@auction-house.ru",
    "kaupinen@auction-house.ru",
    "infocenter@asv.org.ru",
    "o.ivanova@auction-house.ru",
    "ersh@auction-house.ru",
    "vyrtosu@auction-house.ru",
    "krsk@auction-house.ru"
  ],
  "771311354960": [],
  "260707082315": [],
  "541309795628": [],
  "222401642889": [
    "kol9496764@yandex.ru"
  ],
  "121525706227": [],
  "6952010250": [
    "770148@mail.ru"
  ],
  "862100875218": [],
  "027615711068": [],
  "665400031649": [
    "bankrlow@gmail.com",
    "bankrlow@gmail.com."
  ],
  "027205140678": [],
  "781425672427": [
    "law03@mail.ru."
  ],
  "645500158244": [],
  "645307171102": [],
  "550200937340": [
    "slvtaran@yandex.ru"
  ],
  "420540461137": [],
  "550710976635": [],
  "470609294514": [],
  "231294910408": [
    "gas.arbitr@gmail.com"
  ],
  "583410462270": [],
  "550400745395": [],
  "503609141141": [],
  "590613301008": [
    "Permpravo@gmail.com.",
    "Permpravo@gmail.com"
  ],
  "710511875150": [
    "arbit71@yandex.ru"
  ],
  "212801296330": [],
  "440117830747": [
    "shvecov-pavel@mail.ru"
  ],
  "290113709337": [],
  "710700914319": [],
  "721800522828": [
    "zvorygin72petr@mail.ru."
  ],
  "366200735200": [],
  "575100945476": [],
  "525700682925": [
    "nn-act@yandex.ru."
  ],
  "420592430806": [
    "stroyzemproject.gubkinakm@gmail.com"
  ],
  "330403369408": [],
  "344222760677": [],
  "420540434197": [
    "nikitakhodko@gmail.com"
  ],
  "501208277180": [],
  "420600505279": [],
  "665900107208": [
    "79122518226@ya.ru"
  ],
  "772377489368": [],
  "771817220591": [
    "invent.elektro.bnk@yandex.ru",
    "invent.elektro.bnk@yandex.ru."
  ],
  "120803467006": [],
  "190114186422": [
    "artemenko@nskarbitr.ru"
  ],
  "420514826800": [],
  "380401418203": [],
  "7723420472": [
    "ooo.att18@gmail.com.",
    "ooo.att18@gmail.com"
  ],
  "165600198835": [],
  "667113937105": [],
  "772665134883": [],
  "143400376900": [],
  "773419945507": [],
  "861601168553": [],
  "143500826529": [],
  "616701445690": [],
  "645055911500": [],
  "162801397546": [],
  "344505833020": [
    "doq07@mail.ru"
  ],
  "027409511786": [],
  "540533995895": [],
  "575207268379": [],
  "020202660980": [],
  "165717854704": [],
  "181900000217": [],
  "773721624572": [],
  "210601488240": [
    "AVSergeev60@mail.ru",
    "help@cdtrf.ru.",
    "help@cdtrf.ru"
  ],
  "745215858804": [
    "dmshelestov@mail.ru."
  ],
  "635000854617": [],
  "382010973499": [],
  "253900338042": [],
  "164413686911": [],
  "212200055919": [],
  "631908651163": [
    "kolosvv@mail.ru"
  ],
  "027412235984": [],
  "344745496603": [],
  "550304952705": [],
  "504412572022": [],
  "420298456983": [],
  "510200290723": [],
  "861004996426": [],
  "519049869510": [
    "7@uc46.ru"
  ],
  "165902297504": [],
  "745303758710": [],
  "780433789674": [],
  "526200596807": [],
  "616513998290": [],
  "632140489415": [
    "tashtanalieva@yandex.ru"
  ],
  "761017186360": [],
  "695203520819": [],
  "753600521749": [
    "serg-konstantinov@yandex.ru."
  ],
  "641797274812": [
    "kyvaras@mail.ru"
  ],
  "027508268500": [],
  "564603352241": [],
  "526219424400": [],
  "263207815263": [
    "auskrf@gmail.com"
  ],
  "744720766087": [],
  "272116480825": [
    "avp.andreev@gmail.com"
  ],
  "741205607681": [],
  "253606658915": [],
  "753607682960": [],
  "542506660967": [
    "HAV74@LIVE.RU"
  ],
  "602704330502": [],
  "7327029297": [
    "info@ooo-fpk.ru"
  ],
  "263404360456": [],
  "232906374532": [],
  "230810031643": [
    "emnarmin@gmail.com"
  ],
  "583680277825": [],
  "246212253421": [],
  "332890497352": [],
  "230807457590": [
    "basalko-kb@mail.ru"
  ],
  "772000550040": [],
  "023500797167": [],
  "391704036201": [],
  "781132673572": [],
  "773716393601": [
    "bukin@arbitrazh.co"
  ],
  "091700524111": [],
  "860214112368": [],
  "390500898998": [],
  "010500152209": [],
  "166107234701": [],
  "220611615486": [],
  "323210567603": [
    "uliy2005@mail.ru"
  ],
  "622905198550": [],
  "673101084927": [],
  "440102167630": [],
  "020401431688": [
    "taltorgi@rambler.ru"
  ],
  "616612319911": [],
  "024402503974": [
    "ail2003@mail.ru"
  ],
  "031200276800": [],
  "110100923442": [],
  "771700110607": [
    "M2M_2016@mail.ru"
  ],
  "681801451967": [],
  "434541547253": [
    "4s3k@mail.ru"
  ],
  "632200847869": [],
  "860220986727": [],
  "780243430527": [],
  "232300462237": [],
  "710704158166": [
    "Semenov.m@mail.ru"
  ],
  "622800605625": [],
  "421807475030": [
    "ukser_svetlana@mail.ru"
  ],
  "540627284706": [],
  "671200729788": [
    "bankrot.moskva@gmail.com"
  ],
  "550101963853": [],
  "165601327900": [
    "svmyasnikov@mail.ru"
  ],
  "732711459555": [],
  "644801088895": [],
  "616300321785": [],
  "583410324577": [],
  "680602872486": [
    "au.polyanskaya@yandex.ru",
    "au.polaynskaya@yandex.ru."
  ],
  "616600740875": [
    "isaev.nickolay@yandex.ru.",
    "isaev.nickolay@yandex.ru"
  ],
  "781403026500": [],
  "031804231351": [
    "bcpp2005@yandex.ru",
    "bcpp2005@yandex.ru."
  ],
  "121504335645": [
    "a40-173010-2018@mail.ru"
  ],
  "744700890167": [],
  "501305891639": [
    "dominomimino@mail.ru"
  ],
  "344601712275": [
    "ganagin@mail.ru"
  ],
  "244313801310": [],
  "525712210490": [],
  "771471539800": [
    "ay.kybasov@gmail.com"
  ],
  "362600914260": [],
  "644934145302": [],
  "780433825611": [],
  "165700353876": [],
  "772083647413": [],
  "5722111742": [
    "paritet2008@list.ru"
  ],
  "246501260570": [
    "arbitrkrk@gmail.com."
  ],
  "165037142499": [],
  "231004182943": [],
  "583508860782": [],
  "540209178387": [],
  "352805774201": [],
  "631815098274": [],
  "026824861121": [],
  "262103985364": [],
  "7721746334": [
    "prom-konsalting@rambler.ru",
    "3listnik@mail.ru"
  ],
  "614108433899": [],
  "344405412934": [
    "dinega@pravo34.ru"
  ],
  "054599613900": [
    "csb_145@mail.ru"
  ],
  "526222405573": [],
  "745114586287": [],
  "640200080990": [],
  "662306904851": [],
  "312800462605": [],
  "231114350693": [
    "sbhutornoj@yandex.ru"
  ],
  "667000318390": [],
  "100101372262": [],
  "231207237228": [],
  "110212703734": [],
  "631938822546": [],
  "507400948910": [],
  "591402928105": [],
  "190100167187": [],
  "301802406968": [],
  "761202332030": [],
  "590617050771": [],
  "450102884009": [],
  "782510242145": [],
  "246600260122": [],
  "165502375300": [],
  "230608207116": [],
  "631108050808": [],
  "245605710140": [],
  "246500724758": [],
  "772480590146": [],
  "772023290991": [],
  "361600291102": [
    "egida777@mail.ru."
  ],
  "290222616611": [],
  "590611178863": [],
  "781300319304": [],
  "772473046721": [],
  "370603573036": [],
  "673002721195": [
    "AUBondarev@mail.ru"
  ],
  "165922551460": [],
  "121507425706": [],
  "352533883681": [],
  "253604875505": [],
  "292201341906": [],
  "667111799185": [],
  "290118104938": [],
  "615425748700": [],
  "344603150208": [],
  "100201826128": [],
  "210800449291": [],
  "773600516188": [
    "arbitr6@yandex.ru"
  ],
  "616185659809": [
    "mvl.arbitr@gmail.com"
  ],
  "390507325989": [],
  "165047817454": [],
  "312303925155": [],
  "462901809760": [],
  "366514319064": [],
  "183106699564": [],
  "583806473348": [],
  "212702848090": [],
  "090700146605": [],
  "561010253572": [],
  "583519841661": [],
  "771703814249": [],
  "440100024019": [],
  "462901095258": [],
  "910100030955": [
    "Petrofn1975@mail.ru"
  ],
  "550402665201": [
    "kgyu@inbox.ru"
  ],
  "550148361491": [],
  "622705403516": [
    "nplidersro@mail.ru",
    "rzn_73@inbox.ru"
  ],
  "519034730650": [],
  "233006341409": [],
  "352810628333": [],
  "745009306237": [
    "dizain82@bk.ru"
  ],
  "372800601600": [],
  "730202295757": [
    "sokolov_tpp@inbox.ru"
  ],
  "132403184236": [],
  "054514344979": [],
  "741700309104": [],
  "711103870437": [
    "melihova_katerina@mail.ru"
  ],
  "525820418023": [],
  "667417427829": [],
  "164906666052": [
    "konstantin.sidullin@gmail.com"
  ],
  "781300546709": [],
  "701715714188": [],
  "772436582611": [],
  "380400753343": [],
  "370205114072": [],
  "583301455227": [
    "89870728445@mail.ru"
  ],
  "583501184782": [],
  "543307753190": [
    "makarovw@yandex.ru"
  ],
  "781696678863": [],
  "380807575983": [],
  "650502276392": [],
  "615509225457": [],
  "027804683056": [],
  "321602303809": [
    "e-kruss@mail.ru",
    "e-kruss@mail.ru."
  ],
  "131501186776": [
    "rfazlov@mail.ru"
  ],
  "683102347318": [],
  "332890763830": [],
  "502301780087": [
    "seredoha@yandex.ru"
  ],
  "232904543545": [],
  "352505937399": [],
  "027312606321": [
    "partner0512@mail.ru"
  ],
  "720306444982": [],
  "230906268883": [],
  "390400365523": [
    "a.popov2019@inbox.ru"
  ],
  "650110733680": [
    "swallow-34@sakhalin.ru"
  ],
  "761203639641": [],
  "505501234563": [
    "au.kuznetsovm@gmail.com"
  ],
  "423100451775": [
    "avrora.cons@yandex.ru"
  ],
  "590311716609": [],
  "031500236372": [],
  "632100875703": [],
  "720400863300": [],
  "165051429038": [],
  "410505537130": [],
  "665811830045": [],
  "7703769610": [
    "ot.infotek@gmail.com.",
    "ot.infotek@gmail.com"
  ],
  "110502634056": [
    "bankrot99@gmail.com."
  ],
  "251500149745": [],
  "616841126703": [],
  "222209622894": [
    "paucfo22amv@yandex.ru"
  ],
  "301514353300": [],
  "390505925596": [
    "nastya.shvechkova@bk.ru."
  ],
  "272191091634": [],
  "682008028792": [],
  "780161800375": [
    "d_bogomolov@mail.ru."
  ],
  "710500717264": [
    "Cheroksana@yandex.ru"
  ],
  "616612504336": [],
  "482502134740": [],
  "234704556075": [],
  "741505941479": [
    "Timm74@mail.ru."
  ],
  "434600909998": [],
  "110114019727": [
    "lustigelf@mail.ru"
  ],
  "262100409027": [
    "milaagold@mail.ru"
  ],
  "482612460553": [],
  "440702085805": [
    "baranovs2017@yandex.ru."
  ],
  "290114477061": [],
  "505397951650": [],
  "150405093110": [
    "bdz15@yandex.ru.",
    "bdz15@yandex.ru"
  ],
  "230814954522": [
    "anton.k1988@list.ru",
    "sinergija-sro@mail.ru"
  ],
  "141302164848": [
    "arbitrykt@mail.ru"
  ],
  "366515031310": [],
  "081402776004": [],
  "701734033770": [],
  "270413101346": [],
  "230605355388": [],
  "323400146459": [],
  "260805494606": [],
  "366217551498": [],
  "027604428387": [],
  "667209181469": [],
  "343503147150": [],
  "591792887412": [
    "rdsarbitr@yandex.ru"
  ],
  "665800435269": [
    "eduard68@list.ru"
  ],
  "352506500241": [],
  "027809219271": [],
  "421715341396": [],
  "451002310771": [
    "652220@bk.ru"
  ],
  "665895524154": [],
  "010501330221": [
    "orlov.55@mail.ru",
    "orlov.55@mail.ru."
  ],
  "623411938052": [
    "Delo.frolov@gmail.com."
  ],
  "432400914500": [
    "arbit2019@bk.ru"
  ],
  "410117226617": [
    "Arseneva.arbitr@mail.ru",
    "Arseneva.arbitr@mail.ru."
  ],
  "744912032410": [],
  "615000829897": [],
  "744717481733": [
    "sro_003@mail.ru"
  ],
  "910605482632": [
    "anastasia_berezyk05@mail.ru"
  ],
  "570204523208": [],
  "564300711406": [],
  "380101487083": [],
  "352508509225": [],
  "5406617869": [
    "info@itcosfo.ru.",
    "info@itcosfo.ru"
  ],
  "323202607161": [
    "f.y.32@mail.ru."
  ],
  "230808922240": [],
  "431301597488": [],
  "7703676701": [
    "gkkvarta@gmail.com.",
    "gkkvarta@gmail.com"
  ],
  "525203231707": [
    "oxana0777@yandex.ru"
  ],
  "132810208443": [],
  "591905348245": [],
  "450105434343": [
    "gymbur@mail.ru"
  ],
  "420545661764": [],
  "434524400613": [
    "462911@mail.ru."
  ],
  "772605166440": [
    "vip.tender2017@mail.ru"
  ],
  "262402448791": [],
  "550407694502": [],
  "312333954330": [
    "ElenaKorobkina.official@gmail.com"
  ],
  "462900332273": [],
  "550116017418": [
    "bamasha@mail.ru"
  ],
  "695000605954": [],
  "250500407948": [],
  "100100871413": [],
  "720207509237": [
    "pzs-lex@mail.ru.",
    "zsns@mail.ru"
  ],
  "121100029498": [],
  "232010468212": [
    "valerykhalezin@yandex.ru"
  ],
  "390600866252": [],
  "263213528330": [
    "sro1@mail.ru"
  ],
  "631927555426": [],
  "232309107004": [],
  "526019582021": [],
  "631910628348": [],
  "666200349549": [
    "dviktor1@yandex.ru."
  ],
  "590299102335": [],
  "561012984673": [
    "chequepay_bankruptcy@mail.ru.",
    "chequepay_bankruptcy@mail.ru"
  ],
  "110107890933": [],
  "481300015347": [],
  "720200970061": [
    "ay755962@mail.ru"
  ],
  "450102568490": [
    "spe76@mail.ru"
  ],
  "280101090293": [],
  "071302625213": [],
  "673105034606": [],
  "290126261123": [],
  "352525608988": [
    "paritet35@mail.ru"
  ],
  "720413738426": [],
  "771379743219": [
    "4991666234@mail.ru"
  ],
  "228902354191": [],
  "771603279252": [],
  "164801699967": [],
  "026490974860": [],
  "614199765384": [],
  "027600678273": [],
  "550702062074": [
    "B_i_L@inbox.ru"
  ],
  "470311122705": [
    "silva99@mail.ru."
  ],
  "381102667901": [],
  "550614726907": [],
  "022800379031": [
    "2371162@mail.ru."
  ],
  "352501320541": [],
  "745108540196": [
    "Arbitr.74@mail.ru"
  ],
  "230306676009": [],
  "616804694070": [
    "arbitration_manager@inbox.ru",
    "efbk@me.com",
    "arbitration_manager@inbox.ru."
  ],
  "246510940620": [],
  "544806453193": [],
  "540702362561": [
    "vladilena.atamanyuk@mail.ru."
  ],
  "632101200407": [],
  "165023950538": [],
  "583709874440": [],
  "860400387641": [
    "airat_zubairov@mail.ru."
  ],
  "773600510080": [
    "ooo-usb@bk.ru",
    "tpemitorg@gmail.com"
  ],
  "519044825911": [],
  "644600333392": [],
  "332806229693": [],
  "420540420204": [],
  "575206916309": [
    "koganroman57@gmail.com"
  ],
  "230608639099": [],
  "632512042757": [],
  "090108304940": [],
  "540508303029": [],
  "780152567274": [],
  "662341041887": [
    "svpekb@yandex.ru"
  ],
  "440103404403": [],
  "643891150374": [],
  "616600808523": [],
  "290104008180": [],
  "402701259905": [],
  "330800000543": [],
  "365102535385": [
    "89204400401@mail.ru."
  ],
  "772394481344": [
    "delo7778iak@mail.ru."
  ],
  "745000787695": [],
  "462902227394": [
    "ay_petrov@mail.ru",
    "ay_petrov@mail.ru."
  ],
  "463207669226": [],
  "540700824309": [
    "lucyzamura@yandex.ru"
  ],
  "563500747888": [
    "andrej.nazar777@yandex.ru"
  ],
  "100101343600": [],
  "027616751909": [
    "ekishev@yandex.ru"
  ],
  "550203570315": [],
  "222110013526": [
    "merker.oleg@gmail.com"
  ],
  "332711185159": [],
  "272198374511": [],
  "525900783945": [],
  "420541392944": [],
  "290109929957": [],
  "772600596914": [],
  "344312386390": [],
  "631223041375": [],
  "661302943110": [],
  "773103048317": [],
  "520901615983": [],
  "420530144548": [],
  "381299146533": [],
  "690504813827": [
    "korum04@yandex.ru"
  ],
  "504801746874": [],
  "744714960142": [
    "89525092550@mail.ru."
  ],
  "212100369855": [
    "serseregin@yandex.ru"
  ],
  "666000407105": [],
  "540203344983": [],
  "590699522616": [],
  "744600331800": [
    "tumbas67@mail.ru"
  ],
  "543325017308": [],
  "780505949440": [],
  "422310477672": [],
  "430200226527": [
    "elsemakova@yandex.ru"
  ],
  "121518836151": [],
  "519031122453": [],
  "482401650450": [],
  "683200589805": [],
  "183207490470": [],
  "434700741604": [],
  "7724846418": [],
  "027418919405": [],
  "254006499704": [
    "b8123458@gmail.com."
  ],
  "232906529345": [],
  "740415163254": [],
  "753006761216": [],
  "522000962706": [
    "zar-elen@bk.ru.",
    "zar-elen@bk.ru"
  ],
  "370228613582": [],
  "744702212400": [],
  "246311851207": [
    "a33-19056-2019@mail.ru"
  ],
  "332710913341": [],
  "110402703080": [],
  "690300863139": [],
  "270321358310": [],
  "666004903009": [],
  "100121385855": [
    "yakovleva.j@gmail.com"
  ],
  "583705924925": [],
  "720209387560": [
    "iniciativa72@bk.ru"
  ],
  "031720916623": [],
  "7710599286": [
    "pravcenter01@mail.ru"
  ],
  "391700497219": [],
  "162300244122": [],
  "525707701415": [],
  "272198825108": [
    "au.aiefremov@gmail.com."
  ],
  "532102496017": [],
  "352501142240": [
    "bankrot.bc@gmail.com"
  ],
  "667110259892": [],
  "164492198784": [],
  "731601967466": [],
  "772972807940": [],
  "390705143726": [],
  "710300504928": [],
  "781435999069": [],
  "683200064068": [],
  "780292570615": [],
  "280117433193": [
    "127meridian@mail.ru"
  ],
  "632132789101": [],
  "661206245530": [],
  "740407553067": [
    "vassilieva@yandex.ru"
  ],
  "121522896379": [],
  "3666149150": [
    "rkz07@list.ru"
  ],
  "332808086289": [],
  "645200362312": [],
  "342200814815": [],
  "366606842838": [
    "ermakov_8@bk.ru"
  ],
  "231150454546": [],
  "501903525396": [
    "tetteplo@yandex.ru"
  ],
  "402709917507": [],
  "246100506900": [],
  "771300401217": [],
  "222400662272": [],
  "110109083501": [],
  "526022998277": [],
  "782010073266": [
    "centretorg@bk.ru.",
    "centretorg@bk.ru",
    "support@lot-online.ru"
  ],
  "772003298015": [],
  "781405377409": [],
  "732716440163": [],
  "366300906450": [],
  "673111176126": [],
  "380502817067": [],
  "502804843921": [],
  "343518714444": [],
  "344600966750": [],
  "524905537839": [
    "dtnmail@mail.ru."
  ],
  "390600920654": [],
  "182800095400": [],
  "110100028552": [],
  "666400452952": [],
  "434579532111": [
    "vladimir-plyonkin@yandex.ru"
  ],
  "772335986167": [
    "au.mos.dvt@gmail.com."
  ],
  "772277534793": [],
  "525911884631": [
    "elis2110@bk.ru."
  ],
  "645503811790": [],
  "343002319754": [],
  "183300817466": [],
  "027705017930": [],
  "463226226519": [],
  "222390945261": [
    "Buz-part@mail.ru"
  ],
  "071305856811": [],
  "771378863471": [
    "m9268009333@gmail.com"
  ],
  "463224163609": [],
  "616300965109": [
    "ran156@yandex.ru"
  ],
  "645202383974": [],
  "612000589784": [],
  "780603183403": [],
  "667116656110": [],
  "183208034953": [],
  "6820022108": [
    "kaputal@yandex.ru"
  ],
  "645504804058": [],
  "352504985880": [
    "pogossyan@mail.ru"
  ],
  "245208638850": [],
  "410104906196": [],
  "526106155308": [],
  "220401543563": [],
  "421700473801": [
    "89234609191@mail.ru",
    "info@fabrikant.ru."
  ],
  "503506305158": [],
  "561207875838": [],
  "540706434915": [],
  "390701852626": [],
  "232000497704": [],
  "532107210134": [],
  "543930140108": [
    "7778244@mail.ru"
  ],
  "720303645257": [
    "ay755962@mail.ru"
  ],
  "233408752303": [],
  "780215479898": [],
  "254006308660": [],
  "111800830724": [],
  "434586725026": [],
  "590297920906": [],
  "420900314405": [],
  "312817081326": [],
  "212904953644": [],
  "366604816399": [
    "dblagonravov@yandex.ru"
  ],
  "753500253197": [
    "asv@megalink.ru"
  ],
  "773422125590": [
    "info@CenterR.ru",
    "arbitr.lana@mail.ru"
  ],
  "744807153825": [],
  "591912759006": [],
  "380803699723": [
    "ilimsky@mail.ru"
  ],
  "246522274132": [],
  "523701159714": [],
  "631100757000": [],
  "350200897420": [
    "bankrotoved35@gmail.com"
  ],
  "366218816725": [],
  "890604115564": [
    "amakseeva@list.ru."
  ],
  "222390862907": [
    "eliaplut@mail.ru"
  ],
  "720406796378": [
    "iniciativa72@bk.ru"
  ],
  "610201331118": [],
  "580901149120": [],
  "372900087160": [],
  "583408244282": [],
  "761000172432": []
}